{"cameraMode":{"drawMode":0,"name":"Shaded","section":"Shading Mode"},"sceneLighting":false,"audioPlay":false,"sceneViewState":{"m_AlwaysRefresh":false,"showFog":true,"showSkybox":false,"showFlares":true,"showImageEffects":true,"showParticleSystems":true,"showVisualEffectGraphs":true,"m_FxEnabled":true},"in2DMode":false,"pivot":{"x":-16.57416343688965,"y":-1.0964126586914063,"z":-37.45901107788086},"rotation":{"x":0.18224552273750306,"y":-0.020650416612625123,"z":0.0038344848435372116,"w":0.9830369353294373},"size":5.763278007507324,"orthographic":false}